Student_ID,Name,Python,Math,Database,Networking,Attendance,Total,Average,Grade,Result,Rank
101,Alice,85,90,88,82,95,345,86.25,A,PASS,4
102,Bob,72,65,70,68,88,275,68.75,C,PASS,7
103,Charlie,95,92,96,94,98,377,94.25,A+,PASS,1
104,David,60,58,62,65,75,245,61.25,C,PASS,9
105,Emma,88,85,90,87,92,350,87.5,A,PASS,3
106,Frank,76,70,75,73,85,294,73.5,B,PASS,6
107,Grace,91,94,89,92,96,366,91.5,A+,PASS,2
108,Henry,55,50,52,48,70,205,51.25,D,PASS,10
109,Ivy,82,78,85,80,89,325,81.25,A,PASS,5
110,Jack,68,72,65,70,82,275,68.75,C,PASS,7
